{ "compressionlevel":-1,
 "height":21,
 "infinite":false,
 "layers":[
        {
         "data":[1, 1, 1, 1, 1, 1, 1, 1, 1, 1, 1, 1, 1, 1, 1, 1, 1, 1, 1, 1,
            1, 1, 1, 1, 1, 1, 1, 1, 1, 1, 1, 1, 1, 1, 1, 1, 1, 1, 1, 1,
            1, 1, 1, 1, 1, 1, 1, 1, 1, 1, 1, 1, 1, 1, 1, 1, 1, 1, 1, 1,
            1, 1, 1, 1, 1, 1, 1, 1, 1, 1, 1, 1, 1, 1, 1, 1, 1, 1, 1, 1,
            1, 1, 1, 1, 1, 1, 1, 1, 1, 1, 1, 1, 1, 1, 1, 1, 1, 1, 1, 1,
            1, 1, 1, 1, 1, 1, 1, 1, 1, 1, 1, 1, 1, 1, 1, 1, 1, 1, 1, 1,
            1, 1, 1, 1, 1, 1, 1, 1, 1, 1, 1, 1, 1, 1, 1, 1, 1, 1, 1, 1,
            1, 1, 1, 1, 1, 1, 1, 1, 1, 1, 1, 1, 1, 1, 1, 1, 1, 1, 1, 1,
            1, 1, 1, 1, 1, 1, 1, 1, 1, 1, 1, 1, 1, 1, 1, 1, 1, 1, 1, 1,
            1, 1, 1, 1, 1, 1, 1, 1, 1, 1, 1, 1, 1, 1, 1, 1, 1, 1, 1, 1,
            1, 1, 1, 1, 1, 1, 1, 1, 1, 1, 1, 1, 1, 1, 1, 1, 1, 1, 1, 1,
            1, 1, 1, 1, 1, 1, 1, 1, 1, 1, 1, 1, 1, 1, 1, 1, 1, 1, 1, 1,
            1, 1, 1, 1, 1, 1, 1, 1, 1, 1, 1, 1, 1, 1, 1, 1, 1, 1, 1, 1,
            1, 1, 1, 1, 1, 1, 1, 1, 1, 1, 1, 1, 1, 1, 1, 1, 1, 1, 1, 1,
            1, 1, 1, 1, 1, 1, 1, 1, 1, 1, 1, 1, 1, 1, 1, 1, 1, 1, 1, 1,
            1, 1, 1, 1, 1, 1, 1, 1, 1, 1, 1, 1, 1, 1, 1, 1, 1, 1, 1, 1,
            1, 1, 1, 1, 1, 1, 1, 1, 1, 1, 1, 1, 1, 1, 1, 1, 1, 1, 1, 1,
            1, 1, 1, 1, 1, 1, 1, 1, 1, 1, 1, 1, 1, 1, 1, 1, 1, 1, 1, 1,
            1, 1, 1, 1, 1, 1, 1, 1, 1, 1, 1, 1, 1, 1, 1, 1, 1, 1, 1, 1,
            1, 1, 1, 1, 1, 1, 1, 1, 1, 1, 1, 1, 1, 1, 1, 1, 1, 1, 1, 1,
            1, 1, 1, 1, 1, 1, 1, 1, 1, 1, 1, 1, 1, 1, 1, 1, 1, 1, 1, 1],
         "height":21,
         "id":4,
         "name":"Background",
         "opacity":1,
         "type":"tilelayer",
         "visible":true,
         "width":20,
         "x":0,
         "y":0
        }, 
        {
         "data":[14, 21, 21, 21, 21, 21, 21, 21, 21, 21, 21, 21, 21, 21, 21, 21, 21, 21, 21, 19,
            18, 23, 23, 23, 23, 23, 23, 23, 23, 23, 23, 23, 23, 23, 23, 23, 23, 23, 23, 18,
            18, 0, 0, 0, 6, 4, 4, 4, 4, 4, 4, 4, 4, 4, 4, 3, 0, 0, 0, 18,
            18, 0, 0, 0, 7, 2, 2, 2, 2, 2, 2, 2, 2, 2, 2, 20, 0, 0, 0, 18,
            18, 0, 0, 0, 0, 0, 0, 0, 0, 0, 0, 0, 0, 0, 0, 0, 0, 0, 0, 18,
            18, 0, 0, 0, 0, 0, 0, 0, 0, 0, 0, 0, 0, 0, 0, 0, 0, 0, 0, 18,
            18, 0, 0, 6, 4, 4, 4, 4, 3, 0, 0, 6, 4, 4, 4, 4, 3, 0, 0, 18,
            18, 0, 0, 7, 2, 2, 2, 2, 20, 0, 0, 7, 2, 2, 2, 2, 20, 0, 0, 18,
            18, 0, 0, 0, 0, 0, 0, 0, 0, 0, 0, 0, 0, 0, 0, 0, 0, 0, 0, 18,
            18, 0, 0, 0, 0, 0, 0, 0, 0, 0, 0, 0, 0, 0, 0, 0, 0, 0, 0, 18,
            18, 26, 3, 0, 0, 6, 3, 0, 0, 6, 3, 0, 0, 6, 3, 0, 0, 6, 27, 18,
            18, 25, 12, 0, 0, 11, 12, 0, 0, 11, 12, 0, 0, 11, 12, 0, 0, 11, 28, 18,
            18, 25, 12, 0, 0, 11, 12, 0, 0, 11, 12, 0, 0, 11, 12, 0, 0, 11, 28, 18,
            18, 7, 20, 0, 0, 7, 20, 0, 0, 7, 20, 0, 0, 7, 20, 0, 0, 7, 20, 18,
            18, 0, 0, 0, 0, 0, 0, 0, 0, 0, 0, 0, 0, 0, 0, 0, 0, 0, 0, 18,
            18, 0, 0, 0, 0, 0, 0, 0, 0, 0, 0, 0, 0, 0, 0, 0, 0, 0, 0, 18,
            18, 0, 0, 6, 4, 4, 4, 4, 3, 0, 0, 6, 4, 4, 4, 4, 3, 0, 0, 18,
            18, 0, 0, 7, 2, 2, 2, 2, 20, 0, 0, 7, 2, 2, 2, 2, 20, 0, 0, 18,
            18, 0, 0, 0, 0, 0, 0, 0, 0, 0, 0, 0, 0, 0, 0, 0, 0, 0, 0, 18,
            18, 0, 0, 0, 0, 0, 0, 0, 0, 0, 0, 0, 0, 0, 0, 0, 0, 0, 0, 18,
            24, 22, 22, 22, 22, 22, 22, 22, 8, 0, 0, 13, 22, 22, 22, 22, 22, 22, 22, 5],
         "height":21,
         "id":1,
         "name":"Collision",
         "opacity":1,
         "type":"tilelayer",
         "visible":true,
         "width":20,
         "x":0,
         "y":0
        }, 
        {
         "draworder":"topdown",
         "id":6,
         "name":"Objects",
         "objects":[
                {
                 "height":0,
                 "id":6,
                 "name":"phantom",
                 "point":true,
                 "properties":[
                        {
                         "name":"point1",
                         "type":"object",
                         "value":18
                        }, 
                        {
                         "name":"point2",
                         "type":"object",
                         "value":19
                        }, 
                        {
                         "name":"point3",
                         "type":"object",
                         "value":23
                        }, 
                        {
                         "name":"point4",
                         "type":"object",
                         "value":22
                        }, 
                        {
                         "name":"point5",
                         "type":"object",
                         "value":43
                        }, 
                        {
                         "name":"point6",
                         "type":"object",
                         "value":44
                        }, 
                        {
                         "name":"point7",
                         "type":"object",
                         "value":45
                        }, 
                        {
                         "name":"point8",
                         "type":"object",
                         "value":46
                        }, 
                        {
                         "name":"point9",
                         "type":"object",
                         "value":47
                        }],
                 "rotation":0,
                 "type":"",
                 "visible":true,
                 "width":0,
                 "x":32,
                 "y":480
                }, 
                {
                 "height":0,
                 "id":7,
                 "name":"phantom",
                 "point":true,
                 "properties":[
                        {
                         "name":"point1",
                         "type":"object",
                         "value":12
                        }],
                 "rotation":0,
                 "type":"",
                 "visible":true,
                 "width":0,
                 "x":32,
                 "y":512
                }, 
                {
                 "height":0,
                 "id":8,
                 "name":"phantom",
                 "point":true,
                 "properties":[
                        {
                         "name":"point1",
                         "type":"object",
                         "value":26
                        }, 
                        {
                         "name":"point2",
                         "type":"object",
                         "value":28
                        }, 
                        {
                         "name":"point3",
                         "type":"object",
                         "value":32
                        }, 
                        {
                         "name":"point4",
                         "type":"object",
                         "value":30
                        }, 
                        {
                         "name":"point5",
                         "type":"object",
                         "value":48
                        }, 
                        {
                         "name":"point6",
                         "type":"object",
                         "value":49
                        }, 
                        {
                         "name":"point7",
                         "type":"object",
                         "value":50
                        }, 
                        {
                         "name":"point8",
                         "type":"object",
                         "value":51
                        }, 
                        {
                         "name":"point9",
                         "type":"object",
                         "value":52
                        }],
                 "rotation":0,
                 "type":"",
                 "visible":true,
                 "width":0,
                 "x":576,
                 "y":320
                }, 
                {
                 "height":0,
                 "id":9,
                 "name":"phantom",
                 "point":true,
                 "properties":[
                        {
                         "name":"point1",
                         "type":"object",
                         "value":35
                        }, 
                        {
                         "name":"point2",
                         "type":"object",
                         "value":36
                        }, 
                        {
                         "name":"point3",
                         "type":"object",
                         "value":39
                        }, 
                        {
                         "name":"point4",
                         "type":"object",
                         "value":9
                        }],
                 "rotation":0,
                 "type":"",
                 "visible":true,
                 "width":0,
                 "x":576,
                 "y":192
                }, 
                {
                 "height":0,
                 "id":11,
                 "name":"phantom",
                 "point":true,
                 "properties":[
                        {
                         "name":"point1",
                         "type":"object",
                         "value":38
                        }, 
                        {
                         "name":"point2",
                         "type":"object",
                         "value":37
                        }, 
                        {
                         "name":"point3",
                         "type":"object",
                         "value":34
                        }, 
                        {
                         "name":"point4",
                         "type":"object",
                         "value":11
                        }],
                 "rotation":0,
                 "type":"",
                 "visible":true,
                 "width":0,
                 "x":32,
                 "y":192
                }, 
                {
                 "height":0,
                 "id":12,
                 "name":"",
                 "point":true,
                 "rotation":0,
                 "type":"",
                 "visible":true,
                 "width":0,
                 "x":576,
                 "y":512
                }, 
                {
                 "height":0,
                 "id":18,
                 "name":"",
                 "point":true,
                 "rotation":0,
                 "type":"",
                 "visible":true,
                 "width":0,
                 "x":96,
                 "y":480
                }, 
                {
                 "height":0,
                 "id":19,
                 "name":"",
                 "point":true,
                 "rotation":0,
                 "type":"",
                 "visible":true,
                 "width":0,
                 "x":96,
                 "y":320
                }, 
                {
                 "height":0,
                 "id":22,
                 "name":"",
                 "point":true,
                 "rotation":0,
                 "type":"",
                 "visible":true,
                 "width":0,
                 "x":224,
                 "y":480
                }, 
                {
                 "height":0,
                 "id":23,
                 "name":"",
                 "point":true,
                 "rotation":0,
                 "type":"",
                 "visible":true,
                 "width":0,
                 "x":224,
                 "y":320
                }, 
                {
                 "height":0,
                 "id":26,
                 "name":"",
                 "point":true,
                 "rotation":0,
                 "type":"",
                 "visible":true,
                 "width":0,
                 "x":512,
                 "y":320
                }, 
                {
                 "height":0,
                 "id":28,
                 "name":"",
                 "point":true,
                 "rotation":0,
                 "type":"",
                 "visible":true,
                 "width":0,
                 "x":512,
                 "y":480
                }, 
                {
                 "height":0,
                 "id":30,
                 "name":"",
                 "point":true,
                 "rotation":0,
                 "type":"",
                 "visible":true,
                 "width":0,
                 "x":384,
                 "y":320
                }, 
                {
                 "height":0,
                 "id":32,
                 "name":"",
                 "point":true,
                 "rotation":0,
                 "type":"",
                 "visible":true,
                 "width":0,
                 "x":384,
                 "y":480
                }, 
                {
                 "height":0,
                 "id":34,
                 "name":"",
                 "point":true,
                 "rotation":0,
                 "type":"",
                 "visible":true,
                 "width":0,
                 "x":288,
                 "y":192
                }, 
                {
                 "height":0,
                 "id":35,
                 "name":"",
                 "point":true,
                 "rotation":0,
                 "type":"",
                 "visible":true,
                 "width":0,
                 "x":320,
                 "y":192
                }, 
                {
                 "height":0,
                 "id":36,
                 "name":"",
                 "point":true,
                 "rotation":0,
                 "type":"",
                 "visible":true,
                 "width":0,
                 "x":320,
                 "y":288
                }, 
                {
                 "height":0,
                 "id":37,
                 "name":"",
                 "point":true,
                 "rotation":0,
                 "type":"",
                 "visible":true,
                 "width":0,
                 "x":288,
                 "y":288
                }, 
                {
                 "height":0,
                 "id":38,
                 "name":"",
                 "point":true,
                 "rotation":0,
                 "type":"",
                 "visible":true,
                 "width":0,
                 "x":32,
                 "y":288
                }, 
                {
                 "height":0,
                 "id":39,
                 "name":"",
                 "point":true,
                 "rotation":0,
                 "type":"",
                 "visible":true,
                 "width":0,
                 "x":576,
                 "y":288
                },
            
                {
                 "height":32,
                 "id":41,
                 "name":"page",
                 "rotation":0,
                 "type":"",
                 "visible":true,
                 "width":32,
                 "x":64,
                 "y":128
                }, 
                {
                 "height":0,
                 "id":42,
                 "name":"bigPhantom",
                 "point":true,
                 "rotation":0,
                 "type":"",
                 "visible":true,
                 "width":0,
                 "x":64,
                 "y":-128
                }, 
                {
                 "height":0,
                 "id":43,
                 "name":"",
                 "point":true,
                 "rotation":0,
                 "type":"",
                 "visible":true,
                 "width":0,
                 "x":352,
                 "y":480
                }, 
                {
                 "height":0,
                 "id":44,
                 "name":"",
                 "point":true,
                 "rotation":0,
                 "type":"",
                 "visible":true,
                 "width":0,
                 "x":352,
                 "y":320
                }, 
                {
                 "height":0,
                 "id":45,
                 "name":"",
                 "point":true,
                 "rotation":0,
                 "type":"",
                 "visible":true,
                 "width":0,
                 "x":480,
                 "y":320
                }, 
                {
                 "height":0,
                 "id":46,
                 "name":"",
                 "point":true,
                 "rotation":0,
                 "type":"",
                 "visible":true,
                 "width":0,
                 "x":480,
                 "y":480
                }, 
                {
                 "height":0,
                 "id":47,
                 "name":"",
                 "point":true,
                 "rotation":0,
                 "type":"",
                 "visible":true,
                 "width":0,
                 "x":576,
                 "y":480
                }, 
                {
                 "height":0,
                 "id":48,
                 "name":"",
                 "point":true,
                 "rotation":0,
                 "type":"",
                 "visible":true,
                 "width":0,
                 "x":256,
                 "y":320
                }, 
                {
                 "height":0,
                 "id":49,
                 "name":"",
                 "point":true,
                 "rotation":0,
                 "type":"",
                 "visible":true,
                 "width":0,
                 "x":256,
                 "y":480
                }, 
                {
                 "height":0,
                 "id":50,
                 "name":"",
                 "point":true,
                 "rotation":0,
                 "type":"",
                 "visible":true,
                 "width":0,
                 "x":128,
                 "y":480
                }, 
                {
                 "height":0,
                 "id":51,
                 "name":"",
                 "point":true,
                 "rotation":0,
                 "type":"",
                 "visible":true,
                 "width":0,
                 "x":128,
                 "y":320
                }, 
                {
                 "height":0,
                 "id":52,
                 "name":"",
                 "point":true,
                 "rotation":0,
                 "type":"",
                 "visible":true,
                 "width":0,
                 "x":32,
                 "y":320
                }],
         "opacity":1,
         "type":"objectgroup",
         "visible":true,
         "x":0,
         "y":0
        }],
 "nextlayerid":7,
 "nextobjectid":53,
 "orientation":"orthogonal",
 "renderorder":"right-down",
 "tiledversion":"1.8.5",
 "tileheight":32,
 "tilesets":[
        {
         "columns":5,
         "firstgid":1,
         "image":"computer_lab_spritesheet.png",
         "imageheight":192,
         "imagewidth":160,
         "margin":0,
         "name":"computer_lab_spritesheet",
         "spacing":0,
         "tilecount":30,
         "tileheight":32,
         "tiles":[
                {
                 "id":1,
                 "properties":[
                        {
                         "name":"collides",
                         "type":"bool",
                         "value":true
                        }]
                }, 
                {
                 "id":2,
                 "properties":[
                        {
                         "name":"collides",
                         "type":"bool",
                         "value":true
                        }]
                }, 
                {
                 "id":3,
                 "properties":[
                        {
                         "name":"collides",
                         "type":"bool",
                         "value":true
                        }]
                }, 
                {
                 "id":4,
                 "properties":[
                        {
                         "name":"collides",
                         "type":"bool",
                         "value":true
                        }]
                }, 
                {
                 "id":5,
                 "properties":[
                        {
                         "name":"collides",
                         "type":"bool",
                         "value":true
                        }]
                }, 
                {
                 "id":6,
                 "properties":[
                        {
                         "name":"collides",
                         "type":"bool",
                         "value":true
                        }]
                }, 
                {
                 "id":7,
                 "properties":[
                        {
                         "name":"collides",
                         "type":"bool",
                         "value":true
                        }]
                }, 
                {
                 "id":8,
                 "properties":[
                        {
                         "name":"collides",
                         "type":"bool",
                         "value":true
                        }]
                }, 
                {
                 "id":9,
                 "properties":[
                        {
                         "name":"collides",
                         "type":"bool",
                         "value":true
                        }]
                }, 
                {
                 "id":10,
                 "properties":[
                        {
                         "name":"collides",
                         "type":"bool",
                         "value":true
                        }]
                }, 
                {
                 "id":11,
                 "properties":[
                        {
                         "name":"collides",
                         "type":"bool",
                         "value":true
                        }]
                }, 
                {
                 "id":12,
                 "properties":[
                        {
                         "name":"collides",
                         "type":"bool",
                         "value":true
                        }]
                }, 
                {
                 "id":13,
                 "properties":[
                        {
                         "name":"collides",
                         "type":"bool",
                         "value":true
                        }]
                }, 
                {
                 "id":14,
                 "properties":[
                        {
                         "name":"collides",
                         "type":"bool",
                         "value":true
                        }]
                }, 
                {
                 "id":15,
                 "properties":[
                        {
                         "name":"collides",
                         "type":"bool",
                         "value":true
                        }]
                }, 
                {
                 "id":16,
                 "properties":[
                        {
                         "name":"collides",
                         "type":"bool",
                         "value":true
                        }]
                }, 
                {
                 "id":17,
                 "properties":[
                        {
                         "name":"collides",
                         "type":"bool",
                         "value":true
                        }]
                }, 
                {
                 "id":18,
                 "properties":[
                        {
                         "name":"collides",
                         "type":"bool",
                         "value":true
                        }]
                }, 
                {
                 "id":19,
                 "properties":[
                        {
                         "name":"collides",
                         "type":"bool",
                         "value":true
                        }]
                }, 
                {
                 "id":20,
                 "properties":[
                        {
                         "name":"collides",
                         "type":"bool",
                         "value":true
                        }]
                },
            
                {
                 "id":21,
                 "properties":[
                        {
                         "name":"collides",
                         "type":"bool",
                         "value":true
                        }]
                }, 
                {
                 "id":22,
                 "properties":[
                        {
                         "name":"collides",
                         "type":"bool",
                         "value":true
                        }]
                }, 
                {
                 "id":23,
                 "properties":[
                        {
                         "name":"collides",
                         "type":"bool",
                         "value":true
                        }]
                }, 
                {
                 "id":24,
                 "properties":[
                        {
                         "name":"collides",
                         "type":"bool",
                         "value":true
                        }]
                }, 
                {
                 "id":25,
                 "properties":[
                        {
                         "name":"collides",
                         "type":"bool",
                         "value":true
                        }]
                }, 
                {
                 "id":26,
                 "properties":[
                        {
                         "name":"collides",
                         "type":"bool",
                         "value":true
                        }]
                }, 
                {
                 "id":27,
                 "properties":[
                        {
                         "name":"collides",
                         "type":"bool",
                         "value":true
                        }]
                }],
         "tilewidth":32,
         "transparentcolor":"#ff00ff"
        }],
 "tilewidth":32,
 "type":"map",
 "version":"1.8",
 "width":20
}