{ "compressionlevel":-1,
 "height":11,
 "infinite":false,
 "layers":[
        {
         "data":[5, 3, 3, 5, 3, 3, 5, 3, 3, 5,
            5, 5, 5, 5, 5, 5, 5, 5, 5, 5,
            5, 3, 3, 5, 3, 3, 5, 3, 3, 5,
            5, 3, 3, 5, 3, 3, 5, 3, 3, 5,
            5, 5, 5, 5, 5, 5, 5, 5, 5, 5,
            5, 3, 3, 5, 3, 3, 5, 3, 3, 5,
            5, 3, 3, 5, 3, 3, 5, 3, 3, 5,
            5, 5, 5, 5, 5, 5, 5, 5, 5, 5,
            5, 3, 3, 5, 3, 3, 5, 3, 3, 5,
            5, 3, 3, 5, 3, 3, 5, 3, 3, 5,
            5, 5, 5, 5, 5, 5, 5, 5, 5, 5],
         "height":11,
         "id":2,
         "name":"Background",
         "opacity":1,
         "type":"tilelayer",
         "visible":true,
         "width":10,
         "x":0,
         "y":0
        }, 
        {
         "data":[4, 13, 13, 26, 0, 0, 25, 13, 13, 9,
            17, 2, 2, 20, 0, 0, 15, 2, 2, 17,
            17, 0, 0, 8, 0, 0, 12, 0, 0, 17,
            1, 0, 0, 0, 0, 0, 0, 0, 0, 1,
            11, 12, 0, 0, 0, 0, 0, 0, 12, 11,
            0, 0, 0, 0, 0, 0, 0, 0, 0, 0,
            0, 0, 0, 0, 0, 0, 0, 0, 0, 0,
            27, 6, 0, 0, 0, 0, 0, 0, 7, 27,
            17, 0, 0, 0, 0, 0, 0, 0, 0, 17,
            17, 0, 0, 12, 0, 0, 12, 0, 0, 17,
            19, 14, 14, 14, 14, 14, 14, 14, 14, 21],
         "height":11,
         "id":1,
         "name":"Collision",
         "opacity":1,
         "type":"tilelayer",
         "visible":true,
         "width":10,
         "x":0,
         "y":0
        }, 
        {
         "draworder":"topdown",
         "id":3,
         "name":"Objects",
         "objects":[
                {
                 "gid":10,
                 "height":32,
                 "id":19,
                 "name":"labDoor",
                 "rotation":0,
                 "type":"",
                 "visible":true,
                 "width":32,
                 "x":0,
                 "y":192
                }, 
                {
                 "gid":10,
                 "height":32,
                 "id":20,
                 "name":"labDoor",
                 "rotation":0,
                 "type":"",
                 "visible":true,
                 "width":32,
                 "x":0,
                 "y":224
                }, 
                {
                 "gid":10,
                 "height":32,
                 "id":21,
                 "name":"computerDoor",
                 "rotation":0,
                 "type":"",
                 "visible":true,
                 "width":32,
                 "x":128,
                 "y":32
                }, 
                {
                 "gid":10,
                 "height":32,
                 "id":22,
                 "name":"computerDoor",
                 "rotation":0,
                 "type":"",
                 "visible":true,
                 "width":32,
                 "x":160,
                 "y":32
                }, 
                {
                 "gid":10,
                 "height":32,
                 "id":23,
                 "name":"libraryDoor",
                 "rotation":0,
                 "type":"",
                 "visible":true,
                 "width":32,
                 "x":288,
                 "y":192
                }, 
                {
                 "gid":10,
                 "height":32,
                 "id":24,
                 "name":"libraryDoor",
                 "rotation":0,
                 "type":"",
                 "visible":true,
                 "width":32,
                 "x":288,
                 "y":224
                }],
         "opacity":1,
         "type":"objectgroup",
         "visible":true,
         "x":0,
         "y":0
        }],
 "nextlayerid":4,
 "nextobjectid":25,
 "orientation":"orthogonal",
 "renderorder":"right-down",
 "tiledversion":"1.8.5",
 "tileheight":32,
 "tilesets":[
        {
         "columns":5,
         "firstgid":1,
         "image":"hub_spritesheet.png",
         "imageheight":192,
         "imagewidth":160,
         "margin":0,
         "name":"hub_spritesheet",
         "spacing":0,
         "tilecount":30,
         "tileheight":32,
         "tiles":[
                {
                 "id":0,
                 "properties":[
                        {
                         "name":"collides",
                         "type":"bool",
                         "value":true
                        }]
                }, 
                {
                 "id":1,
                 "properties":[
                        {
                         "name":"collides",
                         "type":"bool",
                         "value":true
                        }]
                }, 
                {
                 "id":3,
                 "properties":[
                        {
                         "name":"collides",
                         "type":"bool",
                         "value":true
                        }]
                }, 
                {
                 "id":5,
                 "properties":[
                        {
                         "name":"collides",
                         "type":"bool",
                         "value":true
                        }]
                }, 
                {
                 "id":6,
                 "properties":[
                        {
                         "name":"collides",
                         "type":"bool",
                         "value":true
                        }]
                }, 
                {
                 "id":7,
                 "properties":[
                        {
                         "name":"collides",
                         "type":"bool",
                         "value":true
                        }]
                }, 
                {
                 "id":8,
                 "properties":[
                        {
                         "name":"collides",
                         "type":"bool",
                         "value":true
                        }]
                }, 
                {
                 "id":9,
                 "properties":[
                        {
                         "name":"collides",
                         "type":"bool",
                         "value":true
                        }]
                }, 
                {
                 "id":10,
                 "properties":[
                        {
                         "name":"collides",
                         "type":"bool",
                         "value":true
                        }]
                }, 
                {
                 "id":11,
                 "properties":[
                        {
                         "name":"collides",
                         "type":"bool",
                         "value":true
                        }]
                },
            
                {
                 "id":12,
                 "properties":[
                        {
                         "name":"collides",
                         "type":"bool",
                         "value":true
                        }]
                }, 
                {
                 "id":13,
                 "properties":[
                        {
                         "name":"collides",
                         "type":"bool",
                         "value":true
                        }]
                }, 
                {
                 "id":15,
                 "properties":[
                        {
                         "name":"collides",
                         "type":"bool",
                         "value":true
                        }]
                }, 
                {
                 "id":16,
                 "properties":[
                        {
                         "name":"collides",
                         "type":"bool",
                         "value":true
                        }]
                }, 
                {
                 "id":17,
                 "properties":[
                        {
                         "name":"collides",
                         "type":"bool",
                         "value":true
                        }]
                }, 
                {
                 "id":18,
                 "properties":[
                        {
                         "name":"collides",
                         "type":"bool",
                         "value":true
                        }]
                }, 
                {
                 "id":20,
                 "properties":[
                        {
                         "name":"collides",
                         "type":"bool",
                         "value":true
                        }]
                }, 
                {
                 "id":21,
                 "properties":[
                        {
                         "name":"collides",
                         "type":"bool",
                         "value":true
                        }]
                }, 
                {
                 "id":22,
                 "properties":[
                        {
                         "name":"collides",
                         "type":"bool",
                         "value":true
                        }]
                }, 
                {
                 "id":23,
                 "properties":[
                        {
                         "name":"collides",
                         "type":"bool",
                         "value":true
                        }]
                }],
         "tilewidth":32,
         "transparentcolor":"#ff00ff"
        }],
 "tilewidth":32,
 "type":"map",
 "version":"1.8",
 "width":10
}