{ "compressionlevel":-1,
 "height":18,
 "infinite":false,
 "layers":[
        {
         "data":[0, 0, 0, 0, 0, 0, 0, 0, 0, 0, 0, 0, 0, 0, 0, 0, 0, 0,
            0, 0, 0, 0, 0, 0, 0, 0, 0, 0, 0, 0, 0, 0, 0, 0, 0, 0,
            0, 0, 0, 0, 12, 16, 0, 0, 12, 16, 0, 0, 12, 16, 0, 0, 0, 0,
            0, 0, 0, 0, 16, 12, 0, 0, 16, 12, 0, 0, 16, 12, 0, 0, 0, 0,
            0, 16, 12, 16, 12, 16, 12, 16, 12, 16, 12, 0, 12, 16, 12, 16, 12, 0,
            0, 12, 16, 12, 16, 12, 16, 12, 16, 12, 0, 12, 16, 12, 16, 12, 16, 0,
            0, 16, 12, 16, 12, 16, 0, 0, 12, 16, 0, 0, 12, 16, 12, 16, 12, 0,
            0, 12, 16, 12, 16, 12, 0, 0, 16, 12, 0, 0, 16, 12, 16, 12, 16, 0,
            0, 16, 12, 16, 0, 0, 0, 0, 0, 0, 0, 0, 0, 0, 12, 16, 12, 16,
            0, 12, 16, 12, 0, 0, 0, 0, 0, 0, 0, 0, 0, 0, 16, 12, 16, 12,
            0, 16, 12, 16, 12, 16, 0, 0, 12, 16, 0, 0, 12, 16, 12, 16, 12, 0,
            0, 12, 16, 12, 16, 12, 0, 0, 16, 12, 0, 0, 16, 12, 16, 12, 16, 0,
            0, 16, 12, 16, 12, 16, 12, 16, 12, 16, 12, 16, 12, 16, 12, 16, 12, 0,
            0, 12, 16, 12, 16, 12, 16, 12, 16, 12, 16, 12, 16, 12, 16, 12, 16, 0,
            0, 0, 0, 0, 12, 16, 0, 0, 12, 16, 0, 0, 12, 16, 0, 0, 0, 0,
            0, 0, 0, 0, 16, 12, 0, 0, 16, 12, 0, 0, 16, 12, 0, 0, 0, 0,
            0, 0, 0, 0, 12, 16, 0, 0, 12, 16, 0, 0, 12, 16, 0, 0, 0, 0,
            0, 0, 0, 0, 0, 0, 0, 0, 0, 0, 0, 0, 0, 0, 0, 0, 0, 0],
         "height":18,
         "id":3,
         "name":"Background",
         "opacity":1,
         "type":"tilelayer",
         "visible":true,
         "width":18,
         "x":0,
         "y":0
        }, 
        {
         "data":[26, 18, 18, 18, 18, 18, 18, 18, 18, 18, 18, 18, 18, 18, 18, 18, 18, 25,
            13, 6, 20, 7, 17, 17, 6, 7, 17, 17, 6, 7, 17, 17, 6, 20, 7, 13,
            13, 8, 10, 9, 0, 0, 8, 9, 0, 16, 8, 9, 0, 16, 8, 10, 9, 13,
            13, 3, 5, 4, 0, 0, 3, 4, 16, 0, 3, 4, 16, 0, 3, 5, 4, 13,
            13, 16, 0, 16, 0, 16, 0, 16, 0, 16, 0, 16, 0, 16, 0, 0, 0, 13,
            13, 0, 16, 0, 16, 0, 16, 0, 16, 0, 16, 0, 0, 0, 0, 0, 0, 13,
            13, 0, 0, 0, 0, 0, 6, 7, 0, 0, 6, 7, 0, 0, 0, 0, 0, 15,
            13, 0, 0, 0, 0, 0, 8, 9, 0, 0, 8, 9, 0, 0, 0, 0, 0, 14,
            13, 0, 12, 0, 6, 20, 10, 10, 20, 20, 10, 10, 20, 7, 0, 0, 0, 0,
            13, 0, 0, 0, 3, 5, 28, 27, 5, 5, 28, 27, 5, 4, 0, 0, 0, 0,
            13, 0, 0, 0, 0, 0, 8, 9, 0, 0, 8, 9, 0, 0, 0, 0, 0, 21,
            13, 0, 0, 0, 0, 0, 3, 4, 0, 0, 3, 4, 0, 0, 0, 0, 0, 11,
            13, 0, 0, 0, 0, 0, 0, 0, 0, 0, 0, 0, 0, 0, 0, 0, 0, 11,
            13, 0, 0, 0, 0, 0, 0, 0, 0, 0, 0, 0, 0, 0, 0, 0, 0, 11,
            13, 6, 20, 7, 0, 0, 6, 7, 0, 0, 6, 7, 0, 0, 6, 20, 7, 11,
            13, 8, 10, 9, 0, 0, 8, 9, 0, 0, 8, 9, 0, 0, 8, 10, 9, 11,
            13, 8, 10, 9, 0, 0, 8, 9, 0, 0, 8, 9, 0, 0, 8, 10, 9, 11,
            23, 19, 19, 19, 19, 19, 19, 19, 19, 19, 19, 19, 19, 19, 19, 19, 19, 22],
         "height":18,
         "id":1,
         "name":"Collision",
         "opacity":1,
         "type":"tilelayer",
         "visible":true,
         "width":18,
         "x":0,
         "y":0
        }, 
        {
         "draworder":"topdown",
         "id":2,
         "name":"Objects",
         "objects":[
                {
                 "height":0,
                 "id":25,
                 "name":"",
                 "point":true,
                 "rotation":0,
                 "type":"",
                 "visible":true,
                 "width":0,
                 "x":480,
                 "y":192
                }, 
                {
                 "height":0,
                 "id":26,
                 "name":"",
                 "point":true,
                 "rotation":0,
                 "type":"",
                 "visible":true,
                 "width":0,
                 "x":64,
                 "y":160
                }, 
                {
                 "height":0,
                 "id":28,
                 "name":"",
                 "point":true,
                 "rotation":0,
                 "type":"",
                 "visible":true,
                 "width":0,
                 "x":64,
                 "y":416
                }, 
                {
                 "height":0,
                 "id":29,
                 "name":"",
                 "point":true,
                 "rotation":0,
                 "type":"",
                 "visible":true,
                 "width":0,
                 "x":480,
                 "y":448
                }, 
                {
                 "height":0,
                 "id":30,
                 "name":"phantom",
                 "point":true,
                 "properties":[
                        {
                         "name":"point1",
                         "type":"object",
                         "value":25
                        }],
                 "rotation":0,
                 "type":"",
                 "visible":true,
                 "width":0,
                 "x":64,
                 "y":192
                }, 
                {
                 "height":0,
                 "id":31,
                 "name":"phantom",
                 "point":true,
                 "properties":[
                        {
                         "name":"point1",
                         "type":"object",
                         "value":26
                        }],
                 "rotation":0,
                 "type":"",
                 "visible":true,
                 "width":0,
                 "x":480,
                 "y":160
                }, 
                {
                 "height":0,
                 "id":32,
                 "name":"phantom",
                 "point":true,
                 "properties":[
                        {
                         "name":"point1",
                         "type":"object",
                         "value":29
                        }],
                 "rotation":0,
                 "type":"",
                 "visible":true,
                 "width":0,
                 "x":64,
                 "y":448
                }, 
                {
                 "height":0,
                 "id":33,
                 "name":"phantom",
                 "point":true,
                 "properties":[
                        {
                         "name":"point1",
                         "type":"object",
                         "value":28
                        }],
                 "rotation":0,
                 "type":"",
                 "visible":true,
                 "width":0,
                 "x":480,
                 "y":416
                }, 
                {
                 "height":0,
                 "id":34,
                 "name":"page",
                 "point":true,
                 "rotation":0,
                 "type":"",
                 "visible":true,
                 "width":0,
                 "x":64,
                 "y":288
                }, 
                {
                 "height":0,
                 "id":35,
                 "name":"bigPhantom",
                 "point":true,
                 "rotation":0,
                 "type":"",
                 "visible":true,
                 "width":0,
                 "x":-128,
                 "y":288
                }, 
                {
                 "gid":1,
                 "height":32,
                 "id":36,
                 "name":"door",
                 "rotation":0,
                 "type":"",
                 "visible":true,
                 "width":32,
                 "x":544,
                 "y":288
                }, 
                {
                 "gid":1,
                 "height":32,
                 "id":37,
                 "name":"door",
                 "rotation":0,
                 "type":"",
                 "visible":true,
                 "width":32,
                 "x":544,
                 "y":320
                }],
         "opacity":1,
         "type":"objectgroup",
         "visible":true,
         "x":0,
         "y":0
        }],
 "nextlayerid":4,
 "nextobjectid":39,
 "orientation":"orthogonal",
 "renderorder":"right-down",
 "tiledversion":"1.8.4",
 "tileheight":32,
 "tilesets":[
        {
         "columns":28,
         "firstgid":1,
         "image":"labSheet_extruded.png",
         "imageheight":34,
         "imagewidth":952,
         "margin":1,
         "name":"labSheet",
         "spacing":2,
         "tilecount":28,
         "tileheight":32,
         "tiles":[
                {
                 "id":0,
                 "properties":[
                        {
                         "name":"collides",
                         "type":"bool",
                         "value":true
                        }]
                }, 
                {
                 "id":1,
                 "properties":[
                        {
                         "name":"collides",
                         "type":"bool",
                         "value":true
                        }]
                }, 
                {
                 "id":2,
                 "properties":[
                        {
                         "name":"collides",
                         "type":"bool",
                         "value":true
                        }]
                }, 
                {
                 "id":3,
                 "properties":[
                        {
                         "name":"collides",
                         "type":"bool",
                         "value":true
                        }]
                }, 
                {
                 "id":4,
                 "properties":[
                        {
                         "name":"collides",
                         "type":"bool",
                         "value":true
                        }]
                }, 
                {
                 "id":5,
                 "properties":[
                        {
                         "name":"collides",
                         "type":"bool",
                         "value":true
                        }]
                }, 
                {
                 "id":6,
                 "properties":[
                        {
                         "name":"collides",
                         "type":"bool",
                         "value":true
                        }]
                }, 
                {
                 "id":7,
                 "properties":[
                        {
                         "name":"collides",
                         "type":"bool",
                         "value":true
                        }]
                }, 
                {
                 "id":8,
                 "properties":[
                        {
                         "name":"collides",
                         "type":"bool",
                         "value":true
                        }]
                }, 
                {
                 "id":9,
                 "properties":[
                        {
                         "name":"collides",
                         "type":"bool",
                         "value":true
                        }]
                }, 
                {
                 "id":10,
                 "properties":[
                        {
                         "name":"collides",
                         "type":"bool",
                         "value":true
                        }]
                }, 
                {
                 "id":11,
                 "properties":[
                        {
                         "name":"collides",
                         "type":"bool",
                         "value":false
                        }]
                }, 
                {
                 "id":12,
                 "properties":[
                        {
                         "name":"collides",
                         "type":"bool",
                         "value":true
                        }]
                }, 
                {
                 "id":13,
                 "properties":[
                        {
                         "name":"collides",
                         "type":"bool",
                         "value":true
                        }]
                }, 
                {
                 "id":14,
                 "properties":[
                        {
                         "name":"collides",
                         "type":"bool",
                         "value":true
                        }]
                }, 
                {
                 "id":15,
                 "properties":[
                        {
                         "name":"collides",
                         "type":"bool",
                         "value":false
                        }]
                }, 
                {
                 "id":16,
                 "properties":[
                        {
                         "name":"collides",
                         "type":"bool",
                         "value":true
                        }]
                }, 
                {
                 "id":17,
                 "properties":[
                        {
                         "name":"collides",
                         "type":"bool",
                         "value":true
                        }]
                },
            
                {
                 "id":18,
                 "properties":[
                        {
                         "name":"collides",
                         "type":"bool",
                         "value":true
                        }]
                }, 
                {
                 "id":19,
                 "properties":[
                        {
                         "name":"collides",
                         "type":"bool",
                         "value":true
                        }]
                }, 
                {
                 "id":20,
                 "properties":[
                        {
                         "name":"collides",
                         "type":"bool",
                         "value":true
                        }]
                }, 
                {
                 "id":21,
                 "properties":[
                        {
                         "name":"collides",
                         "type":"bool",
                         "value":true
                        }]
                }, 
                {
                 "id":22,
                 "properties":[
                        {
                         "name":"collides",
                         "type":"bool",
                         "value":true
                        }]
                }, 
                {
                 "id":23,
                 "properties":[
                        {
                         "name":"collides",
                         "type":"bool",
                         "value":true
                        }]
                }, 
                {
                 "id":24,
                 "properties":[
                        {
                         "name":"collides",
                         "type":"bool",
                         "value":true
                        }]
                }, 
                {
                 "id":25,
                 "properties":[
                        {
                         "name":"collides",
                         "type":"bool",
                         "value":true
                        }]
                }, 
                {
                 "id":26,
                 "properties":[
                        {
                         "name":"collides",
                         "type":"bool",
                         "value":true
                        }]
                }, 
                {
                 "id":27,
                 "properties":[
                        {
                         "name":"collides",
                         "type":"bool",
                         "value":true
                        }]
                }],
         "tilewidth":32
        }],
 "tilewidth":32,
 "type":"map",
 "version":"1.8",
 "width":18
}