{ "compressionlevel":-1,
 "height":25,
 "infinite":false,
 "layers":[
        {
         "data":[0, 0, 0, 0, 0, 0, 0, 0, 0, 0, 0, 0, 0, 0, 0, 0, 0, 0,
            8, 8, 8, 8, 8, 8, 8, 8, 8, 8, 8, 8, 8, 8, 8, 8, 8, 8,
            8, 8, 8, 8, 8, 8, 8, 8, 8, 8, 8, 8, 8, 8, 8, 8, 8, 8,
            8, 8, 8, 8, 8, 8, 8, 8, 8, 8, 8, 8, 8, 8, 8, 8, 8, 8,
            8, 8, 8, 8, 8, 8, 8, 8, 8, 8, 8, 8, 8, 8, 8, 8, 8, 8,
            8, 8, 8, 8, 8, 8, 8, 8, 8, 8, 8, 8, 8, 8, 8, 8, 8, 8,
            8, 8, 8, 8, 8, 8, 8, 8, 8, 8, 8, 8, 8, 8, 8, 8, 8, 8,
            8, 8, 8, 8, 8, 8, 8, 8, 8, 8, 8, 8, 8, 8, 8, 8, 8, 8,
            8, 8, 8, 8, 8, 8, 8, 8, 8, 8, 8, 8, 8, 8, 8, 8, 8, 8,
            8, 8, 8, 8, 8, 8, 8, 8, 8, 8, 8, 8, 8, 8, 8, 8, 8, 8,
            8, 8, 8, 8, 8, 8, 8, 8, 8, 8, 8, 8, 8, 8, 8, 8, 8, 8,
            8, 8, 8, 8, 8, 8, 8, 8, 8, 8, 8, 8, 8, 8, 8, 8, 8, 8,
            8, 8, 8, 8, 8, 8, 8, 8, 8, 8, 8, 8, 8, 8, 8, 8, 8, 8,
            8, 8, 8, 8, 8, 8, 8, 8, 8, 8, 8, 8, 8, 8, 8, 8, 8, 8,
            8, 8, 8, 8, 8, 8, 8, 8, 8, 8, 8, 8, 8, 8, 8, 8, 8, 8,
            8, 8, 8, 8, 8, 8, 8, 8, 8, 8, 8, 8, 8, 8, 8, 8, 8, 8,
            8, 8, 8, 8, 8, 8, 8, 8, 8, 8, 8, 8, 8, 8, 8, 8, 8, 8,
            8, 8, 8, 8, 8, 8, 8, 8, 8, 8, 8, 8, 8, 8, 8, 8, 8, 8,
            8, 8, 8, 8, 8, 8, 8, 8, 8, 8, 8, 8, 8, 8, 8, 8, 8, 8,
            8, 8, 8, 8, 8, 8, 8, 8, 8, 8, 8, 8, 8, 8, 8, 8, 8, 8,
            8, 8, 8, 8, 8, 8, 8, 8, 8, 8, 8, 8, 8, 8, 8, 8, 8, 8,
            8, 8, 8, 8, 8, 8, 8, 8, 8, 8, 8, 8, 8, 8, 8, 8, 8, 8,
            8, 8, 8, 8, 8, 8, 8, 8, 8, 8, 8, 8, 8, 8, 8, 8, 8, 8,
            8, 8, 8, 8, 8, 8, 8, 8, 8, 8, 8, 8, 8, 8, 8, 8, 8, 8,
            8, 8, 8, 8, 8, 8, 8, 8, 8, 8, 8, 8, 8, 8, 8, 8, 8, 8],
         "height":25,
         "id":1,
         "name":"Background",
         "opacity":1,
         "type":"tilelayer",
         "visible":true,
         "width":18,
         "x":0,
         "y":0
        }, 
        {
         "data":[2, 1, 1, 1, 1, 1, 1, 1, 1, 1, 1, 1, 1, 1, 1, 1, 1, 6,
            18, 5, 5, 5, 5, 5, 5, 5, 5, 5, 5, 5, 5, 5, 5, 5, 5, 18,
            18, 0, 0, 0, 0, 0, 0, 0, 0, 0, 0, 0, 0, 0, 0, 0, 0, 18,
            18, 0, 0, 0, 0, 0, 0, 0, 0, 0, 0, 0, 0, 0, 0, 0, 0, 18,
            18, 0, 0, 11, 10, 4, 0, 0, 11, 4, 0, 0, 11, 10, 4, 0, 0, 18,
            18, 0, 0, 3, 13, 14, 0, 0, 3, 14, 0, 0, 3, 13, 14, 0, 0, 18,
            18, 0, 0, 9, 9, 9, 0, 0, 3, 14, 0, 0, 9, 9, 9, 0, 0, 18,
            18, 0, 0, 0, 0, 0, 0, 0, 3, 14, 0, 0, 0, 0, 0, 0, 0, 18,
            18, 0, 0, 0, 0, 0, 0, 0, 3, 14, 0, 0, 0, 0, 0, 0, 0, 18,
            18, 0, 0, 11, 10, 4, 0, 0, 9, 9, 0, 0, 11, 10, 4, 0, 0, 18,
            18, 0, 0, 3, 13, 14, 0, 0, 9, 9, 0, 0, 9, 9, 9, 0, 0, 18,
            18, 0, 0, 9, 9, 9, 0, 0, 9, 9, 0, 0, 9, 9, 9, 0, 0, 18,
            18, 0, 0, 0, 0, 0, 0, 0, 0, 0, 0, 0, 0, 0, 0, 0, 0, 18,
            18, 0, 0, 0, 0, 0, 0, 0, 0, 0, 0, 0, 0, 0, 0, 0, 0, 18,
            18, 0, 0, 11, 10, 4, 0, 0, 11, 4, 0, 0, 11, 10, 4, 0, 0, 18,
            18, 0, 0, 9, 9, 9, 0, 0, 3, 14, 0, 0, 3, 13, 14, 0, 0, 18,
            18, 0, 0, 9, 9, 9, 0, 0, 3, 14, 0, 0, 9, 9, 9, 0, 0, 18,
            18, 0, 0, 0, 0, 0, 0, 0, 3, 14, 0, 0, 0, 0, 0, 0, 0, 18,
            18, 0, 0, 0, 0, 0, 0, 0, 3, 14, 0, 0, 0, 0, 0, 0, 0, 18,
            18, 0, 0, 11, 10, 4, 0, 0, 9, 9, 0, 0, 11, 10, 4, 0, 0, 18,
            18, 0, 0, 3, 13, 14, 0, 0, 9, 9, 0, 0, 3, 13, 14, 0, 0, 18,
            18, 0, 0, 9, 9, 9, 0, 0, 9, 9, 0, 0, 9, 9, 9, 0, 0, 18,
            0, 0, 0, 0, 0, 0, 0, 0, 0, 0, 0, 0, 0, 0, 0, 0, 0, 18,
            0, 0, 0, 0, 0, 0, 0, 0, 0, 0, 0, 0, 0, 0, 0, 0, 0, 18,
            12, 12, 12, 12, 12, 12, 12, 12, 12, 12, 12, 12, 12, 12, 12, 12, 12, 17],
         "height":25,
         "id":2,
         "name":"Collision",
         "opacity":1,
         "type":"tilelayer",
         "visible":true,
         "width":18,
         "x":0,
         "y":0
        }, 
        {
         "draworder":"topdown",
         "id":3,
         "name":"Objects",
         "objects":[
                {
                 "height":0,
                 "id":14,
                 "name":"",
                 "point":true,
                 "rotation":0,
                 "type":"",
                 "visible":true,
                 "width":0,
                 "x":224,
                 "y":96
                }, 
                {
                 "height":0,
                 "id":15,
                 "name":"",
                 "point":true,
                 "rotation":0,
                 "type":"",
                 "visible":true,
                 "width":0,
                 "x":320,
                 "y":768
                }, 
                {
                 "height":0,
                 "id":16,
                 "name":"",
                 "point":true,
                 "rotation":0,
                 "type":"",
                 "visible":true,
                 "width":0,
                 "x":480,
                 "y":608
                }, 
                {
                 "height":0,
                 "id":17,
                 "name":"",
                 "point":true,
                 "rotation":0,
                 "type":"",
                 "visible":true,
                 "width":0,
                 "x":192,
                 "y":736
                }, 
                {
                 "height":0,
                 "id":18,
                 "name":"",
                 "point":true,
                 "rotation":0,
                 "type":"",
                 "visible":true,
                 "width":0,
                 "x":192,
                 "y":448
                }, 
                {
                 "height":0,
                 "id":19,
                 "name":"",
                 "point":true,
                 "rotation":0,
                 "type":"",
                 "visible":true,
                 "width":0,
                 "x":480,
                 "y":576
                }, 
                {
                 "height":0,
                 "id":20,
                 "name":"",
                 "point":true,
                 "rotation":0,
                 "type":"",
                 "visible":true,
                 "width":0,
                 "x":480,
                 "y":288
                }, 
                {
                 "height":0,
                 "id":21,
                 "name":"",
                 "point":true,
                 "rotation":0,
                 "type":"",
                 "visible":true,
                 "width":0,
                 "x":192,
                 "y":416
                }, 
                {
                 "height":0,
                 "id":22,
                 "name":"",
                 "point":true,
                 "rotation":0,
                 "type":"",
                 "visible":true,
                 "width":0,
                 "x":192,
                 "y":128
                }, 
                {
                 "height":0,
                 "id":23,
                 "name":"",
                 "point":true,
                 "rotation":0,
                 "type":"",
                 "visible":true,
                 "width":0,
                 "x":480,
                 "y":256
                }, 
                {
                 "height":0,
                 "id":24,
                 "name":"",
                 "point":true,
                 "rotation":0,
                 "type":"",
                 "visible":true,
                 "width":0,
                 "x":32,
                 "y":704
                }, 
                {
                 "height":0,
                 "id":25,
                 "name":"",
                 "point":true,
                 "properties":[
                        {
                         "name":"point1",
                         "type":"object",
                         "value":0
                        }],
                 "rotation":0,
                 "type":"",
                 "visible":true,
                 "width":0,
                 "x":512,
                 "y":96
                }, 
                {
                 "height":0,
                 "id":26,
                 "name":"phantom",
                 "point":true,
                 "properties":[
                        {
                         "name":"point1",
                         "type":"object",
                         "value":15
                        }],
                 "rotation":0,
                 "type":"",
                 "visible":true,
                 "width":0,
                 "x":320,
                 "y":96
                }, 
                {
                 "height":0,
                 "id":27,
                 "name":"phantom",
                 "point":true,
                 "properties":[
                        {
                         "name":"point1",
                         "type":"object",
                         "value":23
                        }, 
                        {
                         "name":"point2",
                         "type":"object",
                         "value":61
                        }, 
                        {
                         "name":"point3",
                         "type":"object",
                         "value":62
                        }, 
                        {
                         "name":"point4",
                         "type":"object",
                         "value":27
                        }],
                 "rotation":0,
                 "type":"",
                 "visible":true,
                 "width":0,
                 "x":480,
                 "y":128
                }, 
                {
                 "height":0,
                 "id":29,
                 "name":"phantom",
                 "point":true,
                 "properties":[
                        {
                         "name":"point1",
                         "type":"object",
                         "value":24
                        }],
                 "rotation":0,
                 "type":"",
                 "visible":true,
                 "width":0,
                 "x":32,
                 "y":96
                }, 
                {
                 "height":0,
                 "id":31,
                 "name":"phantom",
                 "point":true,
                 "properties":[
                        {
                         "name":"point1",
                         "type":"object",
                         "value":18
                        }, 
                        {
                         "name":"point2",
                         "type":"object",
                         "value":76
                        }, 
                        {
                         "name":"point3",
                         "type":"object",
                         "value":77
                        }, 
                        {
                         "name":"point4",
                         "type":"object",
                         "value":31
                        }],
                 "rotation":0,
                 "type":"",
                 "visible":true,
                 "width":0,
                 "x":64,
                 "y":448
                }, 
                {
                 "height":0,
                 "id":32,
                 "name":"phantom",
                 "point":true,
                 "properties":[
                        {
                         "name":"point1",
                         "type":"object",
                         "value":19
                        }, 
                        {
                         "name":"point2",
                         "type":"object",
                         "value":67
                        }, 
                        {
                         "name":"point3",
                         "type":"object",
                         "value":68
                        }, 
                        {
                         "name":"point4",
                         "type":"object",
                         "value":32
                        }],
                 "rotation":0,
                 "type":"",
                 "visible":true,
                 "width":0,
                 "x":480,
                 "y":448
                }, 
                {
                 "height":0,
                 "id":33,
                 "name":"phantom",
                 "point":true,
                 "properties":[
                        {
                         "name":"point1",
                         "type":"object",
                         "value":21
                        }, 
                        {
                         "name":"point2",
                         "type":"object",
                         "value":55
                        }, 
                        {
                         "name":"point3",
                         "type":"object",
                         "value":56
                        }, 
                        {
                         "name":"point4",
                         "type":"object",
                         "value":33
                        }],
                 "rotation":0,
                 "type":"",
                 "visible":true,
                 "width":0,
                 "x":192,
                 "y":288
                },
            
                {
                 "height":0,
                 "id":34,
                 "name":"phantom",
                 "point":true,
                 "properties":[
                        {
                         "name":"point1",
                         "type":"object",
                         "value":20
                        }, 
                        {
                         "name":"point2",
                         "type":"object",
                         "value":64
                        }, 
                        {
                         "name":"point3",
                         "type":"object",
                         "value":65
                        }, 
                        {
                         "name":"point4",
                         "type":"object",
                         "value":34
                        }],
                 "rotation":0,
                 "type":"",
                 "visible":true,
                 "width":0,
                 "x":352,
                 "y":288
                }, 
                {
                 "height":0,
                 "id":35,
                 "name":"phantom",
                 "point":true,
                 "properties":[
                        {
                         "name":"point1",
                         "type":"object",
                         "value":17
                        }, 
                        {
                         "name":"point2",
                         "type":"object",
                         "value":73
                        }, 
                        {
                         "name":"point3",
                         "type":"object",
                         "value":74
                        }, 
                        {
                         "name":"point4",
                         "type":"object",
                         "value":35
                        }],
                 "rotation":0,
                 "type":"",
                 "visible":true,
                 "width":0,
                 "x":192,
                 "y":608
                }, 
                {
                 "height":0,
                 "id":36,
                 "name":"phantom",
                 "point":true,
                 "properties":[
                        {
                         "name":"point1",
                         "type":"object",
                         "value":16
                        }, 
                        {
                         "name":"point2",
                         "type":"object",
                         "value":70
                        }, 
                        {
                         "name":"point3",
                         "type":"object",
                         "value":71
                        }, 
                        {
                         "name":"point4",
                         "type":"object",
                         "value":36
                        }],
                 "rotation":0,
                 "type":"",
                 "visible":true,
                 "width":0,
                 "x":352,
                 "y":608
                }, 
                {
                 "height":0,
                 "id":37,
                 "name":"phantom",
                 "point":true,
                 "properties":[
                        {
                         "name":"point1",
                         "type":"object",
                         "value":14
                        }],
                 "rotation":0,
                 "type":"",
                 "visible":true,
                 "width":0,
                 "x":224,
                 "y":768
                }, 
                {
                 "height":0,
                 "id":38,
                 "name":"phantom",
                 "point":true,
                 "properties":[
                        {
                         "name":"point1",
                         "type":"object",
                         "value":25
                        }],
                 "rotation":0,
                 "type":"",
                 "visible":true,
                 "width":0,
                 "x":512,
                 "y":768
                }, 
                {
                 "height":0,
                 "id":55,
                 "name":"",
                 "point":true,
                 "rotation":0,
                 "type":"",
                 "visible":true,
                 "width":0,
                 "x":64,
                 "y":416
                }, 
                {
                 "height":0,
                 "id":56,
                 "name":"",
                 "point":true,
                 "rotation":0,
                 "type":"",
                 "visible":true,
                 "width":0,
                 "x":64,
                 "y":288
                }, 
                {
                 "height":0,
                 "id":58,
                 "name":"",
                 "point":true,
                 "rotation":0,
                 "type":"",
                 "visible":true,
                 "width":0,
                 "x":192,
                 "y":256
                }, 
                {
                 "height":0,
                 "id":59,
                 "name":"",
                 "point":true,
                 "rotation":0,
                 "type":"",
                 "visible":true,
                 "width":0,
                 "x":64,
                 "y":256
                }, 
                {
                 "height":0,
                 "id":60,
                 "name":"phantom",
                 "point":true,
                 "properties":[
                        {
                         "name":"point1",
                         "type":"object",
                         "value":22
                        }, 
                        {
                         "name":"point2",
                         "type":"object",
                         "value":58
                        }, 
                        {
                         "name":"point3",
                         "type":"object",
                         "value":59
                        }, 
                        {
                         "name":"point4",
                         "type":"object",
                         "value":60
                        }],
                 "rotation":0,
                 "type":"",
                 "visible":true,
                 "width":0,
                 "x":64,
                 "y":128
                }, 
                {
                 "height":0,
                 "id":61,
                 "name":"",
                 "point":true,
                 "rotation":0,
                 "type":"",
                 "visible":true,
                 "width":0,
                 "x":352,
                 "y":256
                }, 
                {
                 "height":0,
                 "id":62,
                 "name":"",
                 "point":true,
                 "rotation":0,
                 "type":"",
                 "visible":true,
                 "width":0,
                 "x":352,
                 "y":128
                }, 
                {
                 "height":0,
                 "id":64,
                 "name":"",
                 "point":true,
                 "rotation":0,
                 "type":"",
                 "visible":true,
                 "width":0,
                 "x":480,
                 "y":416
                }, 
                {
                 "height":0,
                 "id":65,
                 "name":"",
                 "point":true,
                 "rotation":0,
                 "type":"",
                 "visible":true,
                 "width":0,
                 "x":352,
                 "y":416
                }, 
                {
                 "height":0,
                 "id":67,
                 "name":"",
                 "point":true,
                 "rotation":0,
                 "type":"",
                 "visible":true,
                 "width":0,
                 "x":352,
                 "y":576
                }, 
                {
                 "height":0,
                 "id":68,
                 "name":"",
                 "point":true,
                 "rotation":0,
                 "type":"",
                 "visible":true,
                 "width":0,
                 "x":352,
                 "y":448
                }, 
                {
                 "height":0,
                 "id":70,
                 "name":"",
                 "point":true,
                 "rotation":0,
                 "type":"",
                 "visible":true,
                 "width":0,
                 "x":480,
                 "y":736
                }, 
                {
                 "height":0,
                 "id":71,
                 "name":"",
                 "point":true,
                 "rotation":0,
                 "type":"",
                 "visible":true,
                 "width":0,
                 "x":352,
                 "y":736
                },
            
                {
                 "height":0,
                 "id":73,
                 "name":"",
                 "point":true,
                 "rotation":0,
                 "type":"",
                 "visible":true,
                 "width":0,
                 "x":64,
                 "y":736
                }, 
                {
                 "height":0,
                 "id":74,
                 "name":"",
                 "point":true,
                 "rotation":0,
                 "type":"",
                 "visible":true,
                 "width":0,
                 "x":64,
                 "y":608
                }, 
                {
                 "height":0,
                 "id":76,
                 "name":"",
                 "point":true,
                 "rotation":0,
                 "type":"",
                 "visible":true,
                 "width":0,
                 "x":192,
                 "y":576
                }, 
                {
                 "height":0,
                 "id":77,
                 "name":"",
                 "point":true,
                 "rotation":0,
                 "type":"",
                 "visible":true,
                 "width":0,
                 "x":64,
                 "y":576
                }, 
                {
                 "height":0,
                 "id":80,
                 "name":"page",
                 "point":true,
                 "rotation":0,
                 "type":"",
                 "visible":true,
                 "width":0,
                 "x":288,
                 "y":128
                }, 
                {
                 "height":0,
                 "id":82,
                 "name":"bigPhantom",
                 "point":true,
                 "rotation":0,
                 "type":"",
                 "visible":true,
                 "width":0,
                 "x":288,
                 "y":-64
                }, 
                {
                 "gid":1,
                 "height":32,
                 "id":83,
                 "name":"door",
                 "rotation":0,
                 "type":"",
                 "visible":true,
                 "width":32,
                 "x":0,
                 "y":736
                }, 
                {
                 "gid":1,
                 "height":32,
                 "id":84,
                 "name":"door",
                 "rotation":0,
                 "type":"",
                 "visible":true,
                 "width":32,
                 "x":0,
                 "y":768
                }],
         "opacity":1,
         "type":"objectgroup",
         "visible":true,
         "x":0,
         "y":0
        }],
 "nextlayerid":4,
 "nextobjectid":85,
 "orientation":"orthogonal",
 "renderorder":"right-down",
 "tiledversion":"1.8.4",
 "tileheight":32,
 "tilesets":[
        {
         "columns":4,
         "firstgid":1,
         "image":"librarySheet_extruded.png",
         "imageheight":174,
         "imagewidth":139,
         "margin":1,
         "name":"librarySheet",
         "spacing":3,
         "tilecount":20,
         "tileheight":32,
         "tiles":[
                {
                 "id":0,
                 "properties":[
                        {
                         "name":"collides",
                         "type":"bool",
                         "value":true
                        }]
                }, 
                {
                 "id":1,
                 "properties":[
                        {
                         "name":"collides",
                         "type":"bool",
                         "value":true
                        }]
                }, 
                {
                 "id":2,
                 "properties":[
                        {
                         "name":"collides",
                         "type":"bool",
                         "value":true
                        }]
                }, 
                {
                 "id":3,
                 "properties":[
                        {
                         "name":"collides",
                         "type":"bool",
                         "value":true
                        }]
                }, 
                {
                 "id":4,
                 "properties":[
                        {
                         "name":"collides",
                         "type":"bool",
                         "value":true
                        }]
                }, 
                {
                 "id":5,
                 "properties":[
                        {
                         "name":"collides",
                         "type":"bool",
                         "value":true
                        }]
                }, 
                {
                 "id":6,
                 "properties":[
                        {
                         "name":"collides",
                         "type":"bool",
                         "value":true
                        }]
                }, 
                {
                 "id":8,
                 "properties":[
                        {
                         "name":"collides",
                         "type":"bool",
                         "value":true
                        }]
                }, 
                {
                 "id":9,
                 "properties":[
                        {
                         "name":"collides",
                         "type":"bool",
                         "value":true
                        }]
                }, 
                {
                 "id":10,
                 "properties":[
                        {
                         "name":"collides",
                         "type":"bool",
                         "value":true
                        }]
                }, 
                {
                 "id":11,
                 "properties":[
                        {
                         "name":"collides",
                         "type":"bool",
                         "value":true
                        }]
                }, 
                {
                 "id":12,
                 "properties":[
                        {
                         "name":"collides",
                         "type":"bool",
                         "value":true
                        }]
                }, 
                {
                 "id":13,
                 "properties":[
                        {
                         "name":"collides",
                         "type":"bool",
                         "value":true
                        }]
                }, 
                {
                 "id":14,
                 "properties":[
                        {
                         "name":"collides",
                         "type":"bool",
                         "value":true
                        }]
                }, 
                {
                 "id":15,
                 "properties":[
                        {
                         "name":"collides",
                         "type":"bool",
                         "value":true
                        }]
                }, 
                {
                 "id":16,
                 "properties":[
                        {
                         "name":"collides",
                         "type":"bool",
                         "value":true
                        }]
                }, 
                {
                 "id":17,
                 "properties":[
                        {
                         "name":"collides",
                         "type":"bool",
                         "value":true
                        }]
                }],
         "tilewidth":32
        }],
 "tilewidth":32,
 "type":"map",
 "version":"1.8",
 "width":18
}