{ "compressionlevel":-1,
 "height":9,
 "infinite":false,
 "layers":[
        {
         "data":[5, 5, 5, 5, 5, 5, 5, 5, 5, 5, 5, 5, 5, 5,
            3, 5, 3, 3, 5, 3, 3, 5, 3, 3, 5, 3, 3, 5,
            3, 5, 3, 3, 5, 3, 3, 5, 3, 3, 5, 3, 3, 5,
            5, 5, 5, 5, 5, 5, 5, 5, 5, 5, 5, 5, 5, 5,
            3, 5, 3, 3, 5, 3, 3, 5, 3, 3, 5, 3, 3, 5,
            3, 5, 3, 3, 5, 3, 3, 5, 3, 3, 5, 3, 3, 5,
            5, 5, 5, 5, 5, 5, 5, 5, 5, 5, 5, 5, 5, 5,
            3, 5, 3, 3, 5, 3, 3, 5, 3, 3, 5, 3, 3, 5,
            3, 5, 3, 3, 5, 3, 3, 5, 3, 3, 5, 3, 3, 5],
         "height":9,
         "id":1,
         "name":"Background",
         "opacity":1,
         "type":"tilelayer",
         "visible":true,
         "width":14,
         "x":0,
         "y":0
        }, 
        {
         "data":[4, 13, 13, 13, 13, 13, 13, 13, 13, 13, 13, 13, 13, 9,
            17, 2, 2, 2, 2, 2, 2, 2, 2, 2, 2, 2, 2, 17,
            17, 0, 0, 0, 0, 0, 0, 0, 0, 0, 10, 0, 0, 17,
            17, 0, 0, 0, 0, 0, 0, 0, 0, 0, 10, 0, 0, 17,
            0, 0, 0, 0, 12, 12, 12, 12, 12, 12, 12, 0, 0, 17,
            0, 0, 0, 0, 0, 0, 0, 0, 0, 0, 0, 0, 0, 17,
            17, 0, 0, 0, 10, 0, 10, 0, 10, 0, 10, 0, 0, 17,
            17, 0, 0, 0, 12, 0, 12, 0, 12, 0, 12, 0, 0, 17,
            19, 14, 14, 14, 14, 14, 14, 14, 14, 14, 14, 14, 14, 21],
         "height":9,
         "id":2,
         "name":"Collision",
         "opacity":1,
         "type":"tilelayer",
         "visible":true,
         "width":14,
         "x":0,
         "y":0
        }, 
        {
         "draworder":"topdown",
         "id":3,
         "name":"Objects",
         "objects":[
                {
                 "height":0,
                 "id":4,
                 "name":"phantom",
                 "point":true,
                 "properties":[
                        {
                         "name":"point1",
                         "type":"object",
                         "value":5
                        }],
                 "rotation":0,
                 "type":"",
                 "visible":true,
                 "width":0,
                 "x":384,
                 "y":192
                }, 
                {
                 "height":0,
                 "id":5,
                 "name":"",
                 "point":true,
                 "rotation":0,
                 "type":"",
                 "visible":true,
                 "width":0,
                 "x":96,
                 "y":192
                }, 
                {
                 "height":0,
                 "id":11,
                 "name":"bigPhantom",
                 "point":true,
                 "rotation":0,
                 "type":"",
                 "visible":true,
                 "width":0,
                 "x":576,
                 "y":160
                }, 
                {
                 "height":0,
                 "id":12,
                 "name":"page",
                 "point":true,
                 "rotation":0,
                 "type":"",
                 "visible":true,
                 "width":0,
                 "x":384,
                 "y":96
                }, 
                {
                 "height":0,
                 "id":13,
                 "name":"",
                 "point":true,
                 "rotation":0,
                 "type":"",
                 "visible":true,
                 "width":0,
                 "x":288,
                 "y":96
                }, 
                {
                 "gid":10,
                 "height":32,
                 "id":14,
                 "name":"door",
                 "rotation":0,
                 "type":"",
                 "visible":true,
                 "width":32,
                 "x":0,
                 "y":160
                }, 
                {
                 "gid":10,
                 "height":32,
                 "id":15,
                 "name":"door",
                 "rotation":0,
                 "type":"",
                 "visible":true,
                 "width":32,
                 "x":0,
                 "y":192
                }],
         "opacity":1,
         "type":"objectgroup",
         "visible":true,
         "x":0,
         "y":0
        }],
 "nextlayerid":4,
 "nextobjectid":16,
 "orientation":"orthogonal",
 "renderorder":"right-down",
 "tiledversion":"1.8.4",
 "tileheight":32,
 "tilesets":[
        {
         "columns":5,
         "firstgid":1,
         "image":"hub_spritesheet_extruded.png",
         "imageheight":204,
         "imagewidth":170,
         "margin":1,
         "name":"hub_spritesheet",
         "spacing":2,
         "tilecount":30,
         "tileheight":32,
         "tiles":[
                {
                 "id":0,
                 "properties":[
                        {
                         "name":"collides",
                         "type":"bool",
                         "value":true
                        }]
                }, 
                {
                 "id":1,
                 "properties":[
                        {
                         "name":"collides",
                         "type":"bool",
                         "value":true
                        }]
                }, 
                {
                 "id":3,
                 "properties":[
                        {
                         "name":"collides",
                         "type":"bool",
                         "value":true
                        }]
                }, 
                {
                 "id":5,
                 "properties":[
                        {
                         "name":"collides",
                         "type":"bool",
                         "value":true
                        }]
                }, 
                {
                 "id":6,
                 "properties":[
                        {
                         "name":"collides",
                         "type":"bool",
                         "value":true
                        }]
                }, 
                {
                 "id":7,
                 "properties":[
                        {
                         "name":"collides",
                         "type":"bool",
                         "value":true
                        }]
                }, 
                {
                 "id":8,
                 "properties":[
                        {
                         "name":"collides",
                         "type":"bool",
                         "value":true
                        }]
                }, 
                {
                 "id":9,
                 "properties":[
                        {
                         "name":"collides",
                         "type":"bool",
                         "value":true
                        }]
                }, 
                {
                 "id":10,
                 "properties":[
                        {
                         "name":"collides",
                         "type":"bool",
                         "value":true
                        }]
                }, 
                {
                 "id":11,
                 "properties":[
                        {
                         "name":"collides",
                         "type":"bool",
                         "value":true
                        }]
                }, 
                {
                 "id":12,
                 "properties":[
                        {
                         "name":"collides",
                         "type":"bool",
                         "value":true
                        }]
                }, 
                {
                 "id":13,
                 "properties":[
                        {
                         "name":"collides",
                         "type":"bool",
                         "value":true
                        }]
                }, 
                {
                 "id":15,
                 "properties":[
                        {
                         "name":"collides",
                         "type":"bool",
                         "value":true
                        }]
                }, 
                {
                 "id":16,
                 "properties":[
                        {
                         "name":"collides",
                         "type":"bool",
                         "value":true
                        }]
                },
            
                {
                 "id":17,
                 "properties":[
                        {
                         "name":"collides",
                         "type":"bool",
                         "value":true
                        }]
                }, 
                {
                 "id":18,
                 "properties":[
                        {
                         "name":"collides",
                         "type":"bool",
                         "value":true
                        }]
                }, 
                {
                 "id":20,
                 "properties":[
                        {
                         "name":"collides",
                         "type":"bool",
                         "value":true
                        }]
                }, 
                {
                 "id":21,
                 "properties":[
                        {
                         "name":"collides",
                         "type":"bool",
                         "value":true
                        }]
                }, 
                {
                 "id":22,
                 "properties":[
                        {
                         "name":"collides",
                         "type":"bool",
                         "value":true
                        }]
                }, 
                {
                 "id":23,
                 "properties":[
                        {
                         "name":"collides",
                         "type":"bool",
                         "value":true
                        }]
                }],
         "tilewidth":32,
         "transparentcolor":"#ff00ff"
        }],
 "tilewidth":32,
 "type":"map",
 "version":"1.8",
 "width":14
}